PBI,Inspiro PBI link,(Web URL Link accessible to outside inspiro network)
Landing Page,https://app.powerbi.com/groups/21679cca-04e8-4658-86d6-fe210ccc4391/reports/11ffe05e-285f-462a-973c-372916a48f41/577d459659ec6a4087a2?experience=power-bi,https://app.powerbi.com/view?r=eyJrIjoiZWU5MWIxNmEtYzQwYy00NDIwLTkyYjMtZmY2ODY0NjkzZTQyIiwidCI6IjE3MGZjOGRiLTI4YmUtNDg3Ni1hZDRmLTk0ZTk4NDE4M2E3YiIsImMiOjEwfQ%3D%3D
Enterprise Report,https://app.powerbi.com/groups/29bdb726-3c19-4572-8a36-7d3f19ccf99c/reports/3666c25d-60c5-4b14-8264-8b043b361b4c/7c801072021c29ebf9a2?experience=power-bi,https://app.powerbi.com/view?r=eyJrIjoiMGRkY2VlZWMtMzJiNi00MzQ5LWE2ZWQtZmU5MjgxOTJmMjgzIiwidCI6IjE3MGZjOGRiLTI4YmUtNDg3Ni1hZDRmLTk0ZTk4NDE4M2E3YiIsImMiOjEwfQ%3D%3D
Consolidated Absenteeism AIRC,https://app.powerbi.com/groups/29bdb726-3c19-4572-8a36-7d3f19ccf99c/reports/a741207a-6f7e-467b-8538-7f2a908cea32/d4da09bf344d38c0ad5d?experience=power-bi,https://app.powerbi.com/view?r=eyJrIjoiYjU0MzIwYjUtMmI4NC00MzViLTk2ZGYtZTViNzRlOTUzZWNlIiwidCI6IjE3MGZjOGRiLTI4YmUtNDg3Ni1hZDRmLTk0ZTk4NDE4M2E3YiIsImMiOjEwfQ%3D%3D
AIRC-1800 Flowers,https://app.powerbi.com/groups/21679cca-04e8-4658-86d6-fe210ccc4391/reports/b25b0a99-1187-47b0-8b23-aa23222acd26/75e222b29352a864931f?experience=power-bi,https://app.powerbi.com/view?r=eyJrIjoiMTY2Y2ExYWYtODU3Ni00Y2I3LTgyYzctODRlY2Y3OGQxY2M4IiwidCI6IjE3MGZjOGRiLTI4YmUtNDg3Ni1hZDRmLTk0ZTk4NDE4M2E3YiIsImMiOjEwfQ%3D%3D
AIRC-AHMC,https://app.powerbi.com/groups/21679cca-04e8-4658-86d6-fe210ccc4391/reports/0344e213-7749-4732-8a7c-99b6155b62ae/75e222b29352a864931f?experience=power-bi,https://app.powerbi.com/view?r=eyJrIjoiMzlhMjI5MGUtMmI0NC00MDA5LWI2ZGUtNzBkNTYxNjg1Y2QzIiwidCI6IjE3MGZjOGRiLTI4YmUtNDg3Ni1hZDRmLTk0ZTk4NDE4M2E3YiIsImMiOjEwfQ%3D%3D
AIRC-ANA,https://app.powerbi.com/groups/21679cca-04e8-4658-86d6-fe210ccc4391/reports/d4fc1e82-23c5-475d-910a-ff2d822b83f5/75e222b29352a864931f?experience=power-bi,https://app.powerbi.com/view?r=eyJrIjoiMTBlODNlZTktYjEyMS00MjgzLTkyMmItMTBiYWMwYTMzZjFhIiwidCI6IjE3MGZjOGRiLTI4YmUtNDg3Ni1hZDRmLTk0ZTk4NDE4M2E3YiIsImMiOjEwfQ%3D%3D
AIRC-APTELLA,https://app.powerbi.com/groups/21679cca-04e8-4658-86d6-fe210ccc4391/reports/f23e21c4-59dc-46b8-a1f3-55159a50f2c4/75e222b29352a864931f?experience=power-bi,https://app.powerbi.com/view?r=eyJrIjoiYTZhNWQ0YjQtN2QzYy00NGNmLTliY2ItMGIzODBiMTE4ZTBkIiwidCI6IjE3MGZjOGRiLTI4YmUtNDg3Ni1hZDRmLTk0ZTk4NDE4M2E3YiIsImMiOjEwfQ%3D%3D
AIRC-ASC LTD.,https://app.powerbi.com/groups/21679cca-04e8-4658-86d6-fe210ccc4391/reports/36ff5cf5-907d-4c65-b5ba-f9b71b0da70d/75e222b29352a864931f?experience=power-bi,https://app.powerbi.com/view?r=eyJrIjoiMGYxYzZiMWUtZGY3NC00ZmFlLWFiMzUtMGM0OTBhOGEzMjdjIiwidCI6IjE3MGZjOGRiLTI4YmUtNDg3Ni1hZDRmLTk0ZTk4NDE4M2E3YiIsImMiOjEwfQ%3D%3D
AIRC-ASUS,https://app.powerbi.com/groups/21679cca-04e8-4658-86d6-fe210ccc4391/reports/a9157249-6b4f-4d09-b942-ec76140dbf3f/75e222b29352a864931f?experience=power-bi,https://app.powerbi.com/view?r=eyJrIjoiMjU4NDI4NmUtYjg2NC00N2EwLTlkODUtOTdkOTIzNDVhOTYyIiwidCI6IjE3MGZjOGRiLTI4YmUtNDg3Ni1hZDRmLTk0ZTk4NDE4M2E3YiIsImMiOjEwfQ%3D%3D
AIRC-AUB,https://app.powerbi.com/groups/21679cca-04e8-4658-86d6-fe210ccc4391/reports/01e93fee-1a29-4561-b159-51eb40f03aaf/75e222b29352a864931f?experience=power-bi,https://app.powerbi.com/view?r=eyJrIjoiMTZmMzI5N2ItMDdjOC00NGM3LWJjODEtMDc4N2Y5MGNiZGZkIiwidCI6IjE3MGZjOGRiLTI4YmUtNDg3Ni1hZDRmLTk0ZTk4NDE4M2E3YiIsImMiOjEwfQ%3D%3D
AIRC-Bandai,https://app.powerbi.com/groups/21679cca-04e8-4658-86d6-fe210ccc4391/reports/6aeb3c16-e221-4802-89eb-11ef34bb33a7/240e87e00bb7ab8a3032?experience=power-bi,https://app.powerbi.com/view?r=eyJrIjoiMGE4Y2I2MzUtNGVkNS00ZDhiLWI2YzctNzM1YWQzNjcyNmIwIiwidCI6IjE3MGZjOGRiLTI4YmUtNDg3Ni1hZDRmLTk0ZTk4NDE4M2E3YiIsImMiOjEwfQ%3D%3D
AIRC-BDO Collection,https://app.powerbi.com/groups/21679cca-04e8-4658-86d6-fe210ccc4391/reports/8baa0fa9-218c-4d8f-9e16-56c3d6708625/75e222b29352a864931f?experience=power-bi,https://app.powerbi.com/view?r=eyJrIjoiNWNhMGVlM2MtMzhiNC00OWNjLThlMzQtYTcwOTQ2YWJhZTY0IiwidCI6IjE3MGZjOGRiLTI4YmUtNDg3Ni1hZDRmLTk0ZTk4NDE4M2E3YiIsImMiOjEwfQ%3D%3D
AIRC-BDO Core,https://app.powerbi.com/groups/21679cca-04e8-4658-86d6-fe210ccc4391/reports/24756371-14ae-4b33-89f9-e3eb6d97ef0d/4f961e8a4e21ee5d1ebe?experience=power-bi,https://app.powerbi.com/view?r=eyJrIjoiY2RjMjcxNGYtNzk1MS00MDAyLTk5MzQtYzA0ZDk2ODdmNjAzIiwidCI6IjE3MGZjOGRiLTI4YmUtNDg3Ni1hZDRmLTk0ZTk4NDE4M2E3YiIsImMiOjEwfQ%3D%3D
AIRC-BDO Elite,https://app.powerbi.com/groups/21679cca-04e8-4658-86d6-fe210ccc4391/reports/6ffff1e0-f473-47a3-bf99-f794cc8ba49f/4f961e8a4e21ee5d1ebe?experience=power-bi,https://app.powerbi.com/view?r=eyJrIjoiODFjOGFmYWEtNDMzZC00MjZhLTg5YzctY2U1ZjhhYTE2ZWZlIiwidCI6IjE3MGZjOGRiLTI4YmUtNDg3Ni1hZDRmLTk0ZTk4NDE4M2E3YiIsImMiOjEwfQ%3D%3D
AIRC-BDO Insure,https://app.powerbi.com/groups/21679cca-04e8-4658-86d6-fe210ccc4391/reports/f3737b74-6189-4795-b0dc-454a22ef754e/4f961e8a4e21ee5d1ebe?experience=power-bi,https://app.powerbi.com/view?r=eyJrIjoiYzMyOTg2ZTUtMDgyNy00ZTMzLWJlNGYtYmVjMTM3NGNlY2EyIiwidCI6IjE3MGZjOGRiLTI4YmUtNDg3Ni1hZDRmLTk0ZTk4NDE4M2E3YiIsImMiOjEwfQ%3D%3D
AIRC-BDO Life,https://app.powerbi.com/groups/21679cca-04e8-4658-86d6-fe210ccc4391/reports/5be14833-1159-4e30-aa83-9033f8a3bc1b/4f961e8a4e21ee5d1ebe?experience=power-bi,https://app.powerbi.com/view?r=eyJrIjoiM2NlM2VlODEtOGI2Yi00NjhmLTg0YzEtOWQ0NTMxOTE4ZGM1IiwidCI6IjE3MGZjOGRiLTI4YmUtNDg3Ni1hZDRmLTk0ZTk4NDE4M2E3YiIsImMiOjEwfQ%3D%3D
AIRC-BDO MSU,https://app.powerbi.com/groups/21679cca-04e8-4658-86d6-fe210ccc4391/reports/dd782e6b-7648-4f3c-ac8d-d08d58a4232f/4f961e8a4e21ee5d1ebe?experience=power-bi,https://app.powerbi.com/view?r=eyJrIjoiMTFjYzM0NjMtYmY5OC00OTdhLWFiOTYtYmQ4MmE5YTAyYmE0IiwidCI6IjE3MGZjOGRiLTI4YmUtNDg3Ni1hZDRmLTk0ZTk4NDE4M2E3YiIsImMiOjEwfQ%3D%3D
AIRC-BDO Non-voice,https://app.powerbi.com/groups/21679cca-04e8-4658-86d6-fe210ccc4391/reports/f57c9639-fdb1-4351-8a14-cec0a209e86c/4f961e8a4e21ee5d1ebe?experience=power-bi,https://app.powerbi.com/view?r=eyJrIjoiZDlkMTk0ZjctMDU5YS00ZWI3LTkwNjgtYjI4NGVmMjRjMDE0IiwidCI6IjE3MGZjOGRiLTI4YmUtNDg3Ni1hZDRmLTk0ZTk4NDE4M2E3YiIsImMiOjEwfQ%3D%3D
AIRC-BDO Outsource,https://app.powerbi.com/groups/21679cca-04e8-4658-86d6-fe210ccc4391/reports/37972488-7fed-47e1-811e-b856d702d5d3/75e222b29352a864931f?experience=power-bi,https://app.powerbi.com/view?r=eyJrIjoiYThlYmVlZjYtYzkyZC00NmNiLTk5OGUtOGViYmE1NzRhMzQwIiwidCI6IjE3MGZjOGRiLTI4YmUtNDg3Ni1hZDRmLTk0ZTk4NDE4M2E3YiIsImMiOjEwfQ%3D%3D
AIRC-BDO SMS,https://app.powerbi.com/groups/21679cca-04e8-4658-86d6-fe210ccc4391/reports/017e9376-ce0b-4b21-b20a-7271a7785d6a/75e222b29352a864931f?experience=power-bi,https://app.powerbi.com/view?r=eyJrIjoiYjBlY2NhNzQtMGFjMi00YzNmLWJkMjMtMmZlODcwYmUwZDA0IiwidCI6IjE3MGZjOGRiLTI4YmUtNDg3Ni1hZDRmLTk0ZTk4NDE4M2E3YiIsImMiOjEwfQ%3D%3D
AIRC-BDO Telops,https://app.powerbi.com/groups/21679cca-04e8-4658-86d6-fe210ccc4391/reports/9dc88110-91c6-43af-bffd-10457ee2622b/4f961e8a4e21ee5d1ebe?experience=power-bi,https://app.powerbi.com/view?r=eyJrIjoiNDY4ZmFlZmItZjZhNi00MzM4LTg2N2YtN2JiNzE0NDhlZTc0IiwidCI6IjE3MGZjOGRiLTI4YmUtNDg3Ni1hZDRmLTk0ZTk4NDE4M2E3YiIsImMiOjEwfQ%3D%3D
AIRC-BPI CARDS,https://app.powerbi.com/groups/21679cca-04e8-4658-86d6-fe210ccc4391/reports/aebe45ae-a7c5-46e0-81dc-bc6ee440e9b8/75e222b29352a864931f?experience=power-bi,https://app.powerbi.com/view?r=eyJrIjoiNzA1YTczMmQtNTE3Zi00ODU5LThlMzktYzllYmVjY2Q4YzhiIiwidCI6IjE3MGZjOGRiLTI4YmUtNDg3Ni1hZDRmLTk0ZTk4NDE4M2E3YiIsImMiOjEwfQ%3D%3D
AIRC-BPI Non-Voice,https://app.powerbi.com/groups/21679cca-04e8-4658-86d6-fe210ccc4391/reports/b00269e1-b876-4918-b2b9-b94156eabe69/75e222b29352a864931f?experience=power-bi,https://app.powerbi.com/view?r=eyJrIjoiZDhhZjZiYjUtYWQwMS00N2Q5LThhZjItNDUyOWM2NzI5ODdkIiwidCI6IjE3MGZjOGRiLTI4YmUtNDg3Ni1hZDRmLTk0ZTk4NDE4M2E3YiIsImMiOjEwfQ%3D%3D
AIRC-Bridges,https://app.powerbi.com/groups/21679cca-04e8-4658-86d6-fe210ccc4391/reports/bdcd3ced-fc5f-4469-86ab-b91af56e8c9d/75e222b29352a864931f?experience=power-bi,https://app.powerbi.com/view?r=eyJrIjoiNmRmMzdhMTMtNTQ5Ni00OTBkLTgxYzktNjc5ZmRiZWFkMGI0IiwidCI6IjE3MGZjOGRiLTI4YmUtNDg3Ni1hZDRmLTk0ZTk4NDE4M2E3YiIsImMiOjEwfQ%3D%3D
AIRC-Castle Branch Non-Voice,https://app.powerbi.com/groups/21679cca-04e8-4658-86d6-fe210ccc4391/reports/074e9a66-9c27-4509-b82d-250b91bbf6df/75e222b29352a864931f?experience=power-bi,https://app.powerbi.com/view?r=eyJrIjoiMzVmZGRiOTYtMGNiMi00NjcxLWFhMDgtNWI4NGYyZjRiMzk0IiwidCI6IjE3MGZjOGRiLTI4YmUtNDg3Ni1hZDRmLTk0ZTk4NDE4M2E3YiIsImMiOjEwfQ%3D%3D
AIRC-Castle Branch Voice,https://app.powerbi.com/groups/21679cca-04e8-4658-86d6-fe210ccc4391/reports/3e9452a3-063a-4b87-a4d4-233794bd973f/75e222b29352a864931f?experience=power-bi,https://app.powerbi.com/view?r=eyJrIjoiZWJmZTNkNzYtMzRmMS00YjhjLTk1NjMtOGJkZGQxNjQ3M2NmIiwidCI6IjE3MGZjOGRiLTI4YmUtNDg3Ni1hZDRmLTk0ZTk4NDE4M2E3YiIsImMiOjEwfQ%3D%3D
AIRC-Cignal,https://app.powerbi.com/groups/21679cca-04e8-4658-86d6-fe210ccc4391/reports/9c534704-cf49-47a2-b08d-85fdea0c0a70/75e222b29352a864931f?experience=power-bi,https://app.powerbi.com/view?r=eyJrIjoiNmVlNmQ5ZjEtMmMzYS00MzdlLTgzY2EtNDIzMWEwNDk2N2VkIiwidCI6IjE3MGZjOGRiLTI4YmUtNDg3Ni1hZDRmLTk0ZTk4NDE4M2E3YiIsImMiOjEwfQ%3D%3D
AIRC-Coinstar,https://app.powerbi.com/groups/21679cca-04e8-4658-86d6-fe210ccc4391/reports/5ee4e68d-4996-4ff0-9d18-27b5006fa543/75e222b29352a864931f?experience=power-bi,https://app.powerbi.com/view?r=eyJrIjoiM2ZiYzVlOTQtZTJhMy00OTEyLTkwMzktZDVjZWRmYmU1NDdiIiwidCI6IjE3MGZjOGRiLTI4YmUtNDg3Ni1hZDRmLTk0ZTk4NDE4M2E3YiIsImMiOjEwfQ%3D%3D
AIRC-Construct Connect,https://app.powerbi.com/groups/21679cca-04e8-4658-86d6-fe210ccc4391/reports/5fe168ca-912d-480d-a5bd-fe9e4c75afca/75e222b29352a864931f?experience=power-bi,https://app.powerbi.com/view?r=eyJrIjoiMDA2MGFjYzEtNzk0My00NWZmLWIzNjEtMGRlNWYzMmU2NzgwIiwidCI6IjE3MGZjOGRiLTI4YmUtNDg3Ni1hZDRmLTk0ZTk4NDE4M2E3YiIsImMiOjEwfQ%3D%3D
AIRC-CPS,https://app.powerbi.com/groups/21679cca-04e8-4658-86d6-fe210ccc4391/reports/56c4e2a9-8448-44ee-a925-9ec7b17f69f5/75e222b29352a864931f?experience=power-bi,https://app.powerbi.com/view?r=eyJrIjoiZTJlMDg4ZWUtYTIzYi00MTVmLTk2OWEtMzg0NWUwY2VlNDFmIiwidCI6IjE3MGZjOGRiLTI4YmUtNDg3Ni1hZDRmLTk0ZTk4NDE4M2E3YiIsImMiOjEwfQ%3D%3D
AIRC-DISA Voice,https://app.powerbi.com/groups/21679cca-04e8-4658-86d6-fe210ccc4391/reports/3ea3e6ea-f268-41aa-9ab6-e4218743fee8/75e222b29352a864931f?experience=power-bi,https://app.powerbi.com/view?r=eyJrIjoiNjRmYmYxZDEtZjRkNS00ZThjLTk2MDAtYjAwYzI4YWRhNTRjIiwidCI6IjE3MGZjOGRiLTI4YmUtNDg3Ni1hZDRmLTk0ZTk4NDE4M2E3YiIsImMiOjEwfQ%3D%3D
AIRC-DISA Written,https://app.powerbi.com/groups/21679cca-04e8-4658-86d6-fe210ccc4391/reports/f365ee62-58ab-4d1e-9d2d-c4c948258a11/75e222b29352a864931f?experience=power-bi,https://app.powerbi.com/view?r=eyJrIjoiMjNlM2M3OWMtZmE3NC00MjhmLTlmMzctMWIyN2IyM2I2OTBhIiwidCI6IjE3MGZjOGRiLTI4YmUtNDg3Ni1hZDRmLTk0ZTk4NDE4M2E3YiIsImMiOjEwfQ%3D%3D
AIRC-Dish Billing and Credit,https://app.powerbi.com/groups/21679cca-04e8-4658-86d6-fe210ccc4391/reports/8b3f748c-0641-4767-8bb1-89f49ff7040c/75e222b29352a864931f?experience=power-bi,https://app.powerbi.com/view?r=eyJrIjoiODNlMDlkNzEtMGI0ZC00YTg3LTk1MDEtMTM4MTVjMzIxM2FlIiwidCI6IjE3MGZjOGRiLTI4YmUtNDg3Ni1hZDRmLTk0ZTk4NDE4M2E3YiIsImMiOjEwfQ%3D%3D
AIRC-Dish CXO,https://app.powerbi.com/groups/21679cca-04e8-4658-86d6-fe210ccc4391/reports/2aef788a-e707-40fe-b679-f070d0696ece/75e222b29352a864931f?experience=power-bi,https://app.powerbi.com/view?r=eyJrIjoiZGNlMmNkMWUtMjkyMC00MTIzLThjM2YtZmE2NzRkNGRmNzljIiwidCI6IjE3MGZjOGRiLTI4YmUtNDg3Ni1hZDRmLTk0ZTk4NDE4M2E3YiIsImMiOjEwfQ%3D%3D
AIRC-Dish Wireless,https://app.powerbi.com/groups/21679cca-04e8-4658-86d6-fe210ccc4391/reports/8b7c6cf0-4d56-4ed0-a1e8-39250ba676b4/75e222b29352a864931f?experience=power-bi,https://app.powerbi.com/view?r=eyJrIjoiOGZjN2Q2NTAtODY3My00YjE1LThmNmQtYTlmNzFjMDg3ZDIwIiwidCI6IjE3MGZjOGRiLTI4YmUtNDg3Ni1hZDRmLTk0ZTk4NDE4M2E3YiIsImMiOjEwfQ%3D%3D
AIRC-EV Connect,https://app.powerbi.com/groups/21679cca-04e8-4658-86d6-fe210ccc4391/reports/81c00206-79f1-4765-a530-4ef6f6ee4213/75e222b29352a864931f?experience=power-bi,https://app.powerbi.com/view?r=eyJrIjoiY2E5YjlkMjAtOWRjMS00ODkwLThjNTMtZWJkOTdmMWNkMWY1IiwidCI6IjE3MGZjOGRiLTI4YmUtNDg3Ni1hZDRmLTk0ZTk4NDE4M2E3YiIsImMiOjEwfQ%3D%3D
AIRC-Eve's Addiction,https://app.powerbi.com/groups/21679cca-04e8-4658-86d6-fe210ccc4391/reports/8bcc23e9-61df-4e84-ac1e-4fae30bb0642/75e222b29352a864931f?experience=power-bi,https://app.powerbi.com/view?r=eyJrIjoiNTUzZGNjOTUtNzdiZC00ZWY5LWJiMGItZGI1YzNiNTNjZGJiIiwidCI6IjE3MGZjOGRiLTI4YmUtNDg3Ni1hZDRmLTk0ZTk4NDE4M2E3YiIsImMiOjEwfQ%3D%3D
AIRC-Experian,https://app.powerbi.com/groups/21679cca-04e8-4658-86d6-fe210ccc4391/reports/4560cd28-f7ed-4633-91a5-f8d74f0b8ea3/75e222b29352a864931f?experience=power-bi,https://app.powerbi.com/view?r=eyJrIjoiYjMyZDFlMzctYWNkMS00ZmIxLWJkOGQtYjcxNDc4YTFmY2E1IiwidCI6IjE3MGZjOGRiLTI4YmUtNDg3Ni1hZDRmLTk0ZTk4NDE4M2E3YiIsImMiOjEwfQ%3D%3D
AIRC-FC,https://app.powerbi.com/groups/21679cca-04e8-4658-86d6-fe210ccc4391/reports/ed1e2c54-e73f-4ffd-b6c5-5271c51b0d00/75e222b29352a864931f?experience=power-bi,https://app.powerbi.com/view?r=eyJrIjoiNGIwZWZhM2EtOGU0OC00MWUwLWJkNzktNzA1NTEyZWNhZjI0IiwidCI6IjE3MGZjOGRiLTI4YmUtNDg3Ni1hZDRmLTk0ZTk4NDE4M2E3YiIsImMiOjEwfQ%3D%3D
AIRC-FYF,https://app.powerbi.com/groups/21679cca-04e8-4658-86d6-fe210ccc4391/reports/b13e410e-4f8e-4e50-b9dc-bcde595eb9f9/75e222b29352a864931f?experience=power-bi,https://app.powerbi.com/groups/21679cca-04e8-4658-86d6-fe210ccc4391/reports/b13e410e-4f8e-4e50-b9dc-bcde595eb9f9/75e222b29352a864931f?experience=power-bi
AIRC-Glico,https://app.powerbi.com/groups/21679cca-04e8-4658-86d6-fe210ccc4391/reports/59ab6ecb-5c21-486d-8f75-50190af2def8/75e222b29352a864931f?experience=power-bi,https://app.powerbi.com/view?r=eyJrIjoiNjRkMmIyMjYtODU4NC00YmY5LTk0YmQtMzU3MzI4ODU1OWE2IiwidCI6IjE3MGZjOGRiLTI4YmUtNDg3Ni1hZDRmLTk0ZTk4NDE4M2E3YiIsImMiOjEwfQ%3D%3D
AIRC-Grab,https://app.powerbi.com/groups/21679cca-04e8-4658-86d6-fe210ccc4391/reports/29dde3a0-d1e0-47da-949c-7d3201395b15/75e222b29352a864931f?experience=power-bi,https://app.powerbi.com/view?r=eyJrIjoiNjNmNGFlNTktZjIwNC00NmRlLWFhMTItZmEwMTYzNmZmOGFhIiwidCI6IjE3MGZjOGRiLTI4YmUtNDg3Ni1hZDRmLTk0ZTk4NDE4M2E3YiIsImMiOjEwfQ%3D%3D
AIRC-Greenlane,https://app.powerbi.com/groups/21679cca-04e8-4658-86d6-fe210ccc4391/reports/cd22f8df-9028-42fa-9a07-5d9e24e76d2a/75e222b29352a864931f?experience=power-bi,https://app.powerbi.com/view?r=eyJrIjoiZGQwY2M4N2YtZWE0Ni00MTI2LWI0NTYtNTlkYmNiMmQ4MWViIiwidCI6IjE3MGZjOGRiLTI4YmUtNDg3Ni1hZDRmLTk0ZTk4NDE4M2E3YiIsImMiOjEwfQ%3D%3D
AIRC-Hallmark,https://app.powerbi.com/groups/21679cca-04e8-4658-86d6-fe210ccc4391/reports/10aa8fee-82c6-4e1a-a789-fafa08610b84/75e222b29352a864931f?experience=power-bi,https://app.powerbi.com/view?r=eyJrIjoiMDA2YTNkMmMtZTdkMi00ODg4LWFkYzctNzEwYzUwN2ZhNjQwIiwidCI6IjE3MGZjOGRiLTI4YmUtNDg3Ni1hZDRmLTk0ZTk4NDE4M2E3YiIsImMiOjEwfQ%3D%3D
AIRC-IDIQ,https://app.powerbi.com/groups/21679cca-04e8-4658-86d6-fe210ccc4391/reports/85a0aad7-a888-4d49-8b98-83d3445edc0c/75e222b29352a864931f?experience=power-bi,https://app.powerbi.com/view?r=eyJrIjoiMzFhNGFkOTMtYTY5OC00NzkwLTg2YjctZmE3ZTYzN2IwYTE3IiwidCI6IjE3MGZjOGRiLTI4YmUtNDg3Ni1hZDRmLTk0ZTk4NDE4M2E3YiIsImMiOjEwfQ%3D%3D
AIRC-Kalahari,https://app.powerbi.com/groups/21679cca-04e8-4658-86d6-fe210ccc4391/reports/14423c85-a7f3-40f9-a712-976a2d039cba/75e222b29352a864931f?experience=power-bi,https://app.powerbi.com/view?r=eyJrIjoiZmZjZmVjMjktNjNmOC00MzFkLTgyODAtZDdkOTI5ZWQ1MWUyIiwidCI6IjE3MGZjOGRiLTI4YmUtNDg3Ni1hZDRmLTk0ZTk4NDE4M2E3YiIsImMiOjEwfQ%3D%3D
AIRC-Kyocera,https://app.powerbi.com/groups/21679cca-04e8-4658-86d6-fe210ccc4391/reports/a953273c-1763-4c11-8a8c-ac03d2e1d500/75e222b29352a864931f?experience=power-bi,https://app.powerbi.com/view?r=eyJrIjoiODhkZjUxNzktNTUwNS00N2FiLWEzYmYtODViOWQyNzA1NTM1IiwidCI6IjE3MGZjOGRiLTI4YmUtNDg3Ni1hZDRmLTk0ZTk4NDE4M2E3YiIsImMiOjEwfQ%3D%3D
AIRC-M365,https://app.powerbi.com/groups/21679cca-04e8-4658-86d6-fe210ccc4391/reports/7101cd6b-d5b6-46d8-b173-f758a8c4b5ad/75e222b29352a864931f?experience=power-bi,https://app.powerbi.com/view?r=eyJrIjoiMzk2YWJjZjAtNzU4OS00NzI4LWE2MzItMWYwNGJiMTA1Yjc1IiwidCI6IjE3MGZjOGRiLTI4YmUtNDg3Ni1hZDRmLTk0ZTk4NDE4M2E3YiIsImMiOjEwfQ%3D%3D
AIRC-Maya,https://app.powerbi.com/groups/21679cca-04e8-4658-86d6-fe210ccc4391/reports/f5c8b7b2-838d-4dbb-a45e-9838a3747c7c/75e222b29352a864931f?experience=power-bi,https://app.powerbi.com/view?r=eyJrIjoiZmU3OTUyODEtOTBiZi00MjEwLTg1M2QtNWEzZGY2YjFjYWQwIiwidCI6IjE3MGZjOGRiLTI4YmUtNDg3Ni1hZDRmLTk0ZTk4NDE4M2E3YiIsImMiOjEwfQ%3D%3D
AIRC-Maya Hotline,https://app.powerbi.com/groups/21679cca-04e8-4658-86d6-fe210ccc4391/reports/cf165f19-2def-4ddd-b76e-149870afe23c/75e222b29352a864931f?experience=power-bi,https://app.powerbi.com/view?r=eyJrIjoiYmNiNGQxNWYtZTBmMy00MDAxLWFkZDAtMzQyMTYyNTBkYmU1IiwidCI6IjE3MGZjOGRiLTI4YmUtNDg3Ni1hZDRmLTk0ZTk4NDE4M2E3YiIsImMiOjEwfQ%3D%3D
AIRC-MDH,https://app.powerbi.com/groups/21679cca-04e8-4658-86d6-fe210ccc4391/reports/658a8a21-1f39-4604-8cc1-c0e0cb1f082c/75e222b29352a864931f?experience=power-bi,https://app.powerbi.com/view?r=eyJrIjoiYmRhMTkxZjgtMWE1MC00YmNlLTgxYmUtMGZmNWQ0YWJkNTNlIiwidCI6IjE3MGZjOGRiLTI4YmUtNDg3Ni1hZDRmLTk0ZTk4NDE4M2E3YiIsImMiOjEwfQ%3D%3D
AIRC-Meralco Back Office,https://app.powerbi.com/groups/21679cca-04e8-4658-86d6-fe210ccc4391/reports/e85abdca-a0e3-4b2f-8513-064bcc44fe68/75e222b29352a864931f?experience=power-bi,https://app.powerbi.com/view?r=eyJrIjoiMzhiYzYxNDktNzEzOC00YTRkLThhYzUtMTgxNTI5NDU4M2M1IiwidCI6IjE3MGZjOGRiLTI4YmUtNDg3Ni1hZDRmLTk0ZTk4NDE4M2E3YiIsImMiOjEwfQ%3D%3D
AIRC-Meralco Digital,https://app.powerbi.com/groups/21679cca-04e8-4658-86d6-fe210ccc4391/reports/7f5a8a52-39cb-44d4-b47c-831d6105671e/75e222b29352a864931f?experience=power-bi,https://app.powerbi.com/view?r=eyJrIjoiYTM4NTJiN2YtMGI1MC00NTg0LThjODctZDNjODVkNjI0NzA1IiwidCI6IjE3MGZjOGRiLTI4YmUtNDg3Ni1hZDRmLTk0ZTk4NDE4M2E3YiIsImMiOjEwfQ%3D%3D
AIRC-Meralco Voice,https://app.powerbi.com/groups/21679cca-04e8-4658-86d6-fe210ccc4391/reports/99cbe0f3-7e53-447b-9f7c-dc2787dca323/75e222b29352a864931f?experience=power-bi,https://app.powerbi.com/view?r=eyJrIjoiMzg2YmRlMjQtNDhmNC00NjQ4LWJjMTktMTkzYmVhNDQxNjA4IiwidCI6IjE3MGZjOGRiLTI4YmUtNDg3Ni1hZDRmLTk0ZTk4NDE4M2E3YiIsImMiOjEwfQ%3D%3D
AIRC-MKI,https://app.powerbi.com/groups/21679cca-04e8-4658-86d6-fe210ccc4391/reports/4ed61dd4-30d7-4a32-a5d5-6ef2bc5709b8/75e222b29352a864931f?experience=power-bi,https://app.powerbi.com/view?r=eyJrIjoiNWZlZGZmNjUtYmY5NC00ZjliLThmZDAtMzA0ODZjYmRkYzkxIiwidCI6IjE3MGZjOGRiLTI4YmUtNDg3Ni1hZDRmLTk0ZTk4NDE4M2E3YiIsImMiOjEwfQ%3D%3D
AIRC-PACSUN,https://app.powerbi.com/groups/21679cca-04e8-4658-86d6-fe210ccc4391/reports/091b0e12-0cb1-4168-a628-c07c0772f839/75e222b29352a864931f?experience=power-bi,https://app.powerbi.com/view?r=eyJrIjoiN2EyYTA0MzQtMTJjNi00YzdmLTgyZWEtNmE3Njg5MjZjODM5IiwidCI6IjE3MGZjOGRiLTI4YmUtNDg3Ni1hZDRmLTk0ZTk4NDE4M2E3YiIsImMiOjEwfQ%3D%3D
AIRC-Palawan,https://app.powerbi.com/groups/21679cca-04e8-4658-86d6-fe210ccc4391/reports/15e4adb8-f10a-4fe4-b054-182e5ef1b7de/75e222b29352a864931f?experience=power-bi,https://app.powerbi.com/view?r=eyJrIjoiNjMwODU3NzgtNGQ0Ni00MGEwLTk4YjMtOWZlYjliNTdiODQ3IiwidCI6IjE3MGZjOGRiLTI4YmUtNDg3Ni1hZDRmLTk0ZTk4NDE4M2E3YiIsImMiOjEwfQ%3D%3D
AIRC-RCBC IB,https://app.powerbi.com/groups/21679cca-04e8-4658-86d6-fe210ccc4391/reports/69e5ad0a-9a9a-46fa-801f-d99307923534/75e222b29352a864931f?experience=power-bi,https://app.powerbi.com/view?r=eyJrIjoiYTQxZWQ2ZGYtOTUzOC00MDE1LTkyN2ItOWQwODFlMTU2Y2U0IiwidCI6IjE3MGZjOGRiLTI4YmUtNDg3Ni1hZDRmLTk0ZTk4NDE4M2E3YiIsImMiOjEwfQ%3D%3D
AIRC-RCBC Instaloan,https://app.powerbi.com/groups/21679cca-04e8-4658-86d6-fe210ccc4391/reports/5edbd32a-68c7-48ae-918f-2c90680b4d6a/75e222b29352a864931f?experience=power-bi,https://app.powerbi.com/view?r=eyJrIjoiMzRkY2QzN2UtYzA0YS00ZTMxLWJiMDEtNjM1ZjI1NGRjZWQ4IiwidCI6IjE3MGZjOGRiLTI4YmUtNDg3Ni1hZDRmLTk0ZTk4NDE4M2E3YiIsImMiOjEwfQ%3D%3D
AIRC-RCBC OB,https://app.powerbi.com/groups/21679cca-04e8-4658-86d6-fe210ccc4391/reports/d5324fcf-5c8e-4eb4-ac51-eb3759fdcab1/75e222b29352a864931f?experience=power-bi,https://app.powerbi.com/view?r=eyJrIjoiODM5NjAzMTEtNWQyNy00MzYxLWE2ZWYtZGE4YWY3YTAzYTNmIiwidCI6IjE3MGZjOGRiLTI4YmUtNDg3Ni1hZDRmLTk0ZTk4NDE4M2E3YiIsImMiOjEwfQ%3D%3D
AIRC-SBI Remit,https://app.powerbi.com/groups/21679cca-04e8-4658-86d6-fe210ccc4391/reports/c68ebbc8-550e-4b70-873d-9afab938f9f1/75e222b29352a864931f?experience=power-bi,https://app.powerbi.com/view?r=eyJrIjoiNDY5YzQyYmItMzY2Zi00ZjVmLWI3MzUtY2M4OTcyZmJlNDQ1IiwidCI6IjE3MGZjOGRiLTI4YmUtNDg3Ni1hZDRmLTk0ZTk4NDE4M2E3YiIsImMiOjEwfQ%3D%3D
AIRC-Sharkninja,https://app.powerbi.com/groups/21679cca-04e8-4658-86d6-fe210ccc4391/reports/c9753b5c-b220-44fe-993d-7471a151dfd4/75e222b29352a864931f?experience=power-bi,https://app.powerbi.com/view?r=eyJrIjoiYzUxOWE4NzYtNDliYi00YWRiLWI0Y2QtZDBlMTM5YjRlYjVhIiwidCI6IjE3MGZjOGRiLTI4YmUtNDg3Ni1hZDRmLTk0ZTk4NDE4M2E3YiIsImMiOjEwfQ%3D%3D
AIRC-Shopee,https://app.powerbi.com/groups/21679cca-04e8-4658-86d6-fe210ccc4391/reports/95788d08-9242-42a9-babf-ed58f8e43d4b/75e222b29352a864931f?experience=power-bi,https://app.powerbi.com/view?r=eyJrIjoiZTYxMmQ2ZjktNzAzYy00YmZmLWE5NGQtMDNhMzQxZmIzMTM0IiwidCI6IjE3MGZjOGRiLTI4YmUtNDg3Ni1hZDRmLTk0ZTk4NDE4M2E3YiIsImMiOjEwfQ%3D%3D
AIRC-SLMC,https://app.powerbi.com/groups/21679cca-04e8-4658-86d6-fe210ccc4391/reports/22f4556c-9488-4160-8b0e-068579e37951/75e222b29352a864931f?experience=power-bi,https://app.powerbi.com/view?r=eyJrIjoiMzBmZGI3ODYtNjJmNS00OGE1LTg1YmMtMmVjMTg3NWNmMmI1IiwidCI6IjE3MGZjOGRiLTI4YmUtNDg3Ni1hZDRmLTk0ZTk4NDE4M2E3YiIsImMiOjEwfQ%3D%3D
AIRC-Teleflora,https://app.powerbi.com/groups/21679cca-04e8-4658-86d6-fe210ccc4391/reports/e64165f4-e8ef-4d53-bcdb-e4bf5d98231e/75e222b29352a864931f?experience=power-bi,https://app.powerbi.com/view?r=eyJrIjoiYjY1YzkwYzQtMTFjMy00NWMzLTk5ZGItZWFhNjU2ODYxZWNlIiwidCI6IjE3MGZjOGRiLTI4YmUtNDg3Ni1hZDRmLTk0ZTk4NDE4M2E3YiIsImMiOjEwfQ%3D%3D
AIRC-Tenso,https://app.powerbi.com/groups/21679cca-04e8-4658-86d6-fe210ccc4391/reports/1eab394b-b525-42b4-aa39-db9d3141241f/240e87e00bb7ab8a3032?experience=power-bi,https://app.powerbi.com/view?r=eyJrIjoiNDc5OWFlNDItNDhhMy00YjRjLWIyYWYtYjM1OGI3MDIzZDBmIiwidCI6IjE3MGZjOGRiLTI4YmUtNDg3Ni1hZDRmLTk0ZTk4NDE4M2E3YiIsImMiOjEwfQ%3D%3D
AIRC-UNIQLO Non-voice,https://app.powerbi.com/groups/21679cca-04e8-4658-86d6-fe210ccc4391/reports/5d48060b-3f4f-45af-9365-5ad9a713b6e6/75e222b29352a864931f?experience=power-bi,https://app.powerbi.com/view?r=eyJrIjoiYTk1YTkzZTEtYzk3ZC00ZjU2LWE5ZGMtMjc2YmJlZTQ2ZTBlIiwidCI6IjE3MGZjOGRiLTI4YmUtNDg3Ni1hZDRmLTk0ZTk4NDE4M2E3YiIsImMiOjEwfQ%3D%3D
AIRC-UNIQLO Universalist,https://app.powerbi.com/groups/21679cca-04e8-4658-86d6-fe210ccc4391/reports/9007af3d-b7a0-4d62-b62a-e4d1c35294a0/75e222b29352a864931f?experience=power-bi,https://app.powerbi.com/view?r=eyJrIjoiZWJkYWUyYTYtNTk4MS00NjE5LWE4ZDUtOGRjZDcyMDk1OTllIiwidCI6IjE3MGZjOGRiLTI4YmUtNDg3Ni1hZDRmLTk0ZTk4NDE4M2E3YiIsImMiOjEwfQ%3D%3D
AIRC-Viagogo,https://app.powerbi.com/groups/21679cca-04e8-4658-86d6-fe210ccc4391/reports/19993582-9fae-4257-a86c-ed95ac49cb7f/75e222b29352a864931f?experience=power-bi,https://app.powerbi.com/view?r=eyJrIjoiZjBkMTZkYzYtMjhhZS00YzZkLTg1MTUtMGViYjU5OTA4ZDhlIiwidCI6IjE3MGZjOGRiLTI4YmUtNDg3Ni1hZDRmLTk0ZTk4NDE4M2E3YiIsImMiOjEwfQ%3D%3D
PAL,https://app.powerbi.com/groups/21679cca-04e8-4658-86d6-fe210ccc4391/reports/a2779625-cfa7-46ba-b84f-b8314dfb24cc/526e8ff748930c84e01d?experience=power-bi,https://app.powerbi.com/view?r=eyJrIjoiZGYyOTIwYTQtZmJiNy00MzBlLTkxMGEtYThlNDRjZmYwNDI0IiwidCI6IjE3MGZjOGRiLTI4YmUtNDg3Ni1hZDRmLTk0ZTk4NDE4M2E3YiIsImMiOjEwfQ%3D%3D
